wordpress_version;wordpress_version_major;wordpress_version_minor;wordpress_date;wordpress_changelog
"0.70";"0.70";"0";2003-05-27;https://wordpress.org/support/wordpress-version/version-0-70/#changelog
"0.71";"0.71";"0";2003-06-09;https://wordpress.org/support/wordpress-version/version-0-71/#changelog
"0.711";"0.71";1;2003-06-25;https://wordpress.org/support/wordpress-version/version-0-711/
"0.72";"0.72";"0";2003-10-11;https://wordpress.org/support/wordpress-version/version-0-72/#changelog
1.0.2;"1.0";2;2004-03-11;https://codex.wordpress.org/Changelog/1.0.2
1.2.1;1.2;1;2004-10-06;https://codex.wordpress.org/Changelog/1.2.1
1.2.2;1.2;2;2004-12-15;https://codex.wordpress.org/Changelog/1.2.2
1.5.1;1.5;1;2005-05-09;https://codex.wordpress.org/Changelog/1.5.1
1.5.2;1.5;2;2005-08-14;https://codex.wordpress.org/Changelog/1.5.2
"2.0";"2.0";"0";2005-12-26;"https://codex.wordpress.org/Changelog/2.0"
2.0.1;"2.0";1;2006-01-31;https://codex.wordpress.org/Changelog/2.0.1
2.0.4;"2.0";4;2006-07-29;https://codex.wordpress.org/Changelog/2.0.4
2.0.5;"2.0";5;2006-10-27;https://codex.wordpress.org/Changelog/2.0.5
2.0.6;"2.0";6;2007-01-05;https://codex.wordpress.org/Changelog/2.0.6
2.0.7;"2.0";7;2007-01-15;https://codex.wordpress.org/Changelog/2.0.7
2.0.8;"2.0";8;2007-02-08;https://codex.wordpress.org/Changelog/2.0.8
2.0.9;"2.0";9;2007-02-21;https://codex.wordpress.org/Changelog/2.0.9
"2.0.10";"2.0";10;2007-04-03;"https://codex.wordpress.org/Changelog/2.0.10"
2.0.11;"2.0";11;2007-08-05;https://codex.wordpress.org/Changelog/2.0.11
2.1;2.1;"0";2007-01-22;https://codex.wordpress.org/Changelog/2.1
2.1.1;2.1;1;2007-02-21;https://codex.wordpress.org/Changelog/2.1.1
2.1.2;2.1;2;2007-03-02;https://codex.wordpress.org/Changelog/2.1.2
2.1.3;2.1;3;2007-04-03;https://codex.wordpress.org/Changelog/2.1.3
2.2;2.2;"0";2007-05-16;https://codex.wordpress.org/Changelog/2.2
2.2.1;2.2;1;2007-06-21;https://codex.wordpress.org/Changelog/2.2.1
2.2.2;2.2;2;2007-08-05;https://codex.wordpress.org/Changelog/2.2.2
2.2.3;2.2;3;2007-09-08;https://codex.wordpress.org/Changelog/2.2.3
2.3;2.3;"0";2007-09-24;https://codex.wordpress.org/Changelog/2.3
2.3.1;2.3;1;2007-10-26;https://codex.wordpress.org/Changelog/2.3.1
2.3.2;2.3;2;2007-12-29;https://codex.wordpress.org/Changelog/2.3.2
2.3.3;2.3;3;2008-02-05;https://codex.wordpress.org/Changelog/2.3.3
2.5;2.5;"0";2008-03-29;https://codex.wordpress.org/Changelog/2.5
2.5.1;2.5;1;2008-04-25;https://codex.wordpress.org/Changelog/2.5.1
2.6;2.6;"0";2008-07-15;https://codex.wordpress.org/Changelog/2.6
2.6.1;2.6;1;2008-08-15;https://codex.wordpress.org/Changelog/2.6.1
2.6.2;2.6;2;2008-09-08;https://codex.wordpress.org/Changelog/2.6.2
2.6.3;2.6;3;2008-10-23;https://codex.wordpress.org/Changelog/2.6.3
2.6.5;2.6;5;2008-11-25;https://codex.wordpress.org/Changelog/2.6.5
2.7;2.7;"0";2008-12-10;https://codex.wordpress.org/Changelog/2.7
2.7.1;2.7;1;2009-02-10;https://codex.wordpress.org/Changelog/2.7.1
2.8;2.8;"0";2009-06-10;https://codex.wordpress.org/Changelog/2.8
2.8.1;2.8;1;2009-07-09;https://codex.wordpress.org/Changelog/2.8.1
2.8.2;2.8;2;2009-07-20;https://codex.wordpress.org/Changelog/2.8.2
2.8.3;2.8;3;2009-08-03;https://codex.wordpress.org/Changelog/2.8.3
2.8.4;2.8;4;2009-08-12;https://codex.wordpress.org/Changelog/2.8.4
2.8.5;2.8;5;2009-10-20;https://codex.wordpress.org/Changelog/2.8.5
2.8.6;2.8;6;2009-11-12;https://codex.wordpress.org/Changelog/2.8.6
2.9;2.9;"0";2009-11-18;https://codex.wordpress.org/Changelog/2.9
2.9.1;2.9;1;2010-01-04;https://codex.wordpress.org/Changelog/2.9.1
2.9.2;2.9;2;2010-02-15;https://codex.wordpress.org/Changelog/2.9.2
"3.0";"3.0";"0";2010-06-17;"https://codex.wordpress.org/Changelog/3.0"
3.0.1;"3.0";1;2010-07-29;https://codex.wordpress.org/Changelog/3.0.1
3.0.2;"3.0";2;2010-11-30;https://codex.wordpress.org/Changelog/3.0.2
3.0.3;"3.0";3;2010-12-08;https://codex.wordpress.org/Changelog/3.0.3
3.0.4;"3.0";4;2010-12-29;https://codex.wordpress.org/Changelog/3.0.4
3.0.5;"3.0";5;2011-02-07;https://codex.wordpress.org/Changelog/3.0.5
3.0.6;"3.0";6;2011-04-26;https://codex.wordpress.org/Changelog/3.0.6
3.1;3.1;"0";2011-02-23;https://codex.wordpress.org/Changelog/3.1
3.1.1;3.1;1;2011-04-05;https://codex.wordpress.org/Changelog/3.1.1
3.1.2;3.1;2;2011-04-26;https://codex.wordpress.org/Changelog/3.1.2
3.1.3;3.1;3;2011-05-25;https://codex.wordpress.org/Changelog/3.1.3
3.1.4;3.1;4;2011-06-29;https://codex.wordpress.org/Changelog/3.1.4
3.2;3.2;"0";2011-07-04;https://codex.wordpress.org/Changelog/3.2
3.2.1;3.2;1;2011-07-12;https://codex.wordpress.org/Changelog/3.2.1
3.3;3.3;"0";2011-12-12;https://codex.wordpress.org/Changelog/3.3
3.3.1;3.3;1;2012-01-03;https://codex.wordpress.org/Changelog/3.3.1
3.3.2;3.3;2;2012-04-20;https://codex.wordpress.org/Changelog/3.3.2
3.3.3;3.3;3;2012-06-27;https://codex.wordpress.org/Version_3.3.3#List_of_Files_Revised
3.4;3.4;"0";2012-06-13;https://codex.wordpress.org/Changelog/3.4
3.4.1;3.4;1;2012-06-27;https://codex.wordpress.org/Version_3.4.1#List_of_Files_Revised
3.4.2;3.4;2;2012-09-06;https://codex.wordpress.org/Version_3.4.2#List_of_Files_Revised
3.5;3.5;"0";2012-12-11;https://codex.wordpress.org/Changelog/3.5
3.5.1;3.5;1;2013-01-24;https://codex.wordpress.org/Version_3.5.1#List_of_Files_Revised
3.5.2;3.5;2;2013-06-21;https://codex.wordpress.org/Version_3.5.2#List_of_Files_Revised
3.6;3.6;"0";2013-08-01;https://codex.wordpress.org/Changelog/3.6
3.6.1;3.6;1;2013-09-11;https://codex.wordpress.org/Version_3.6.1#List_of_Files_Revised
3.7;3.7;"0";2013-10-24;https://codex.wordpress.org/Changelog/3.7
3.7.1;3.7;1;2013-10-29;https://codex.wordpress.org/Version_3.7.1#List_of_Files_Revised
3.7.2;3.7;2;2014-04-08;https://codex.wordpress.org/Version_3.7.2#List_of_Files_Revised
3.7.3;3.7;3;2014-04-14;https://codex.wordpress.org/Version_3.7.3#List_of_Files_Revised
3.7.4;3.7;4;2014-08-06;https://codex.wordpress.org/Version_3.7.4#List_of_Files_Revised
3.7.5;3.7;5;2014-11-20;https://codex.wordpress.org/Version_3.7.5#List_of_Files_Revised
3.7.6;3.7;6;2015-04-21;https://codex.wordpress.org/Version_3.7.6#List_of_Files_Revised
3.7.7;3.7;7;2015-04-23;https://codex.wordpress.org/Version_3.7.7#List_of_Files_Revised
3.7.8;3.7;8;2015-05-07;https://codex.wordpress.org/Version_3.7.8#List_of_Files_Revised
3.7.9;3.7;9;2015-07-23;https://codex.wordpress.org/Version_3.7.9#List_of_Files_Revised
"3.7.10";3.7;10;2015-08-04;https://codex.wordpress.org/Version_3.7.10#List_of_Files_Revised
3.7.11;3.7;11;2015-09-15;https://codex.wordpress.org/Version_3.7.11#List_of_Files_Revised
3.7.12;3.7;12;2016-01-06;https://codex.wordpress.org/Version_3.7.12#List_of_Files_Revised
3.7.13;3.7;13;2016-02-02;https://codex.wordpress.org/Version_3.7.13#List_of_Files_Revised
3.7.14;3.7;14;2016-05-06;https://codex.wordpress.org/Version_3.7.14#List_of_Files_Revised
3.7.15;3.7;15;2016-06-21;https://codex.wordpress.org/Version_3.7.15#List_of_Files_Revised
3.7.16;3.7;16;2016-09-07;https://codex.wordpress.org/Version_3.7.16#List_of_Files_Revised
3.7.17;3.7;17;2017-01-11;https://codex.wordpress.org/Version_3.7.17#List_of_Files_Revised
3.7.18;3.7;18;2017-01-26;https://codex.wordpress.org/Version_3.7.18#List_of_Files_Revised
3.7.19;3.7;19;2017-03-06;https://codex.wordpress.org/Version_3.7.19#List_of_Files_Revised
"3.7.20";3.7;20;2017-04-20;https://codex.wordpress.org/Version_3.7.20#List_of_Files_Revised
3.7.21;3.7;21;2017-05-16;https://codex.wordpress.org/Version_3.7.21#List_of_Files_Revised
3.7.22;3.7;22;2017-09-19;https://codex.wordpress.org/Version_3.7.22#List_of_Files_Revised
3.7.23;3.7;23;2017-10-31;https://codex.wordpress.org/Version_3.7.23#List_of_Files_Revised
3.7.24;3.7;24;2017-11-29;https://codex.wordpress.org/Version_3.7.24#List_of_Files_Revised
3.7.25;3.7;25;2018-01-16;https://codex.wordpress.org/Version_3.7.25#List_of_Files_Revised
3.7.26;3.7;26;2018-04-03;https://codex.wordpress.org/Version_3.7.26#List_of_Files_Revised
3.7.27;3.7;27;2018-07-05;https://codex.wordpress.org/Version_3.7.27#List_of_Files_Revised
3.7.28;3.7;28;2018-12-12;https://wordpress.org/support/wordpress-version/version-3-7-28/#list-of-files-revised
3.7.29;3.7;29;2019-03-13;https://wordpress.org/support/wordpress-version/version-3-7-29/#list-of-files-revised
"3.7.30";3.7;30;2019-09-04;https://wordpress.org/support/wordpress-version/version-3-7-30/#list-of-files-revised
3.7.31;3.7;31;2019-10-14;https://wordpress.org/support/wordpress-version/version-3-7-31/#list-of-files-revised
3.7.32;3.7;32;2019-12-12;https://wordpress.org/support/wordpress-version/version-3-7-32/#list-of-files-revised
3.7.33;3.7;33;2020-04-29;https://wordpress.org/support/wordpress-version/version-3-7-33/#list-of-files-revised
3.7.34;3.7;34;2020-06-10;https://wordpress.org/support/wordpress-version/version-3-7-34/#list-of-files-revised
3.7.35;3.7;35;2020-10-29;https://wordpress.org/support/wordpress-version/version-3-7-35/#list-of-files-revised
3.7.36;3.7;36;2021-05-12;https://wordpress.org/support/wordpress-version/version-3-7-36/#list-of-files-revised
3.7.37;3.7;37;2022-01-06;https://wordpress.org/support/wordpress-version/version-3-7-37/#list-of-files-revised
3.7.38;3.7;38;2022-03-11;https://wordpress.org/documentation/wordpress-version/version-3-7-38/
3.7.39;3.7;39;2022-08-30;https://wordpress.org/documentation/wordpress-version/version-3-7-39/
"3.7.40";3.7;40;2022-10-17;https://wordpress.org/documentation/wordpress-version/version-3-7-40/
3.7.41;3.7;41;2022-11-30;
3.8;3.8;"0";2013-12-12;https://codex.wordpress.org/Changelog/3.8
3.8.1;3.8;1;2014-01-23;https://codex.wordpress.org/Version_3.8.1#List_of_Files_Revised
3.8.2;3.8;2;2014-04-08;https://codex.wordpress.org/Version_3.8.2#List_of_Files_Revised
3.8.3;3.8;3;2014-04-14;https://codex.wordpress.org/Version_3.8.3#List_of_Files_Revised
3.8.4;3.8;4;2014-08-06;https://codex.wordpress.org/Version_3.8.4#List_of_Files_Revised
3.8.5;3.8;5;2014-11-20;https://codex.wordpress.org/Version_3.8.5#List_of_Files_Revised
3.8.6;3.8;6;2015-04-21;https://codex.wordpress.org/Version_3.8.6#List_of_Files_Revised
3.8.7;3.8;7;2015-04-23;https://codex.wordpress.org/Version_3.8.7#List_of_Files_Revised
3.8.8;3.8;8;2015-05-07;https://codex.wordpress.org/Version_3.8.8#List_of_Files_Revised
3.8.9;3.8;9;2015-07-23;https://codex.wordpress.org/Version_3.8.9#List_of_Files_Revised
"3.8.10";3.8;10;2015-08-04;https://codex.wordpress.org/Version_3.8.10#List_of_Files_Revised
3.8.11;3.8;11;2015-09-15;https://codex.wordpress.org/Version_3.8.11#List_of_Files_Revised
3.8.12;3.8;12;2016-01-06;https://codex.wordpress.org/Version_3.8.12#List_of_Files_Revised
3.8.13;3.8;13;2016-02-02;https://codex.wordpress.org/Version_3.8.13#List_of_Files_Revised
3.8.14;3.8;14;2016-05-06;https://codex.wordpress.org/Version_3.8.14#List_of_Files_Revised
3.8.15;3.8;15;2016-06-21;https://codex.wordpress.org/Version_3.8.15#List_of_Files_Revised
3.8.16;3.8;16;2016-09-07;https://codex.wordpress.org/Version_3.8.16#List_of_Files_Revised
3.8.17;3.8;17;2017-01-11;https://codex.wordpress.org/Version_3.8.17#List_of_Files_Revised
3.8.18;3.8;18;2017-01-26;https://codex.wordpress.org/Version_3.8.18#List_of_Files_Revised
3.8.19;3.8;19;2017-03-06;https://codex.wordpress.org/Version_3.8.19#List_of_Files_Revised
"3.8.20";3.8;20;2017-04-20;https://codex.wordpress.org/Version_3.8.20#List_of_Files_Revised
3.8.21;3.8;21;2017-05-16;https://codex.wordpress.org/Version_3.8.21#List_of_Files_Revised
3.8.22;3.8;22;2017-09-19;https://codex.wordpress.org/Version_3.8.22#List_of_Files_Revised
3.8.23;3.8;23;2017-10-31;https://codex.wordpress.org/Version_3.8.23#List_of_Files_Revised
3.8.24;3.8;24;2017-11-29;https://codex.wordpress.org/Version_3.8.24#List_of_Files_Revised
3.8.25;3.8;25;2018-01-16;https://codex.wordpress.org/Version_3.8.25#List_of_Files_Revised
3.8.26;3.8;26;2018-04-03;https://codex.wordpress.org/Version_3.8.26#List_of_Files_Revised
3.8.27;3.8;27;2018-07-05;https://codex.wordpress.org/Version_3.8.27#List_of_Files_Revised
3.8.28;3.8;28;2018-12-12;https://wordpress.org/support/wordpress-version/version-3-8-28/#list-of-files-revised
3.8.29;3.8;29;2019-03-13;https://wordpress.org/support/wordpress-version/version-3-8-29/#list-of-files-revised
"3.8.30";3.8;30;2019-09-04;https://wordpress.org/support/wordpress-version/version-3-8-30/#list-of-files-revised
3.8.31;3.8;31;2019-10-14;https://wordpress.org/support/wordpress-version/version-3-8-31/#list-of-files-revised
3.8.32;3.8;32;2019-12-12;https://wordpress.org/support/wordpress-version/version-3-8-32/#list-of-files-revised
3.8.33;3.8;33;2020-04-29;https://wordpress.org/support/wordpress-version/version-3-8-33/#list-of-files-revised
3.8.34;3.8;34;2020-06-10;https://wordpress.org/support/wordpress-version/version-3-8-34/#list-of-files-revised
3.8.35;3.8;35;2020-10-29;https://wordpress.org/support/wordpress-version/version-3-8-35/#list-of-files-revised
3.8.36;3.8;36;2021-05-12;https://wordpress.org/support/wordpress-version/version-3-8-36/#list-of-files-revised
3.8.37;3.8;37;2022-01-06;https://wordpress.org/support/wordpress-version/version-3-8-37/#list-of-files-revised
3.8.38;3.8;38;2022-03-11;https://wordpress.org/documentation/wordpress-version/version-3-8-38/
3.8.39;3.8;39;2022-08-30;https://wordpress.org/documentation/wordpress-version/version-3-8-39/
"3.8.40";3.8;40;2022-10-17;https://wordpress.org/documentation/wordpress-version/version-3-8-40/
3.8.41;3.8;41;2022-11-30;
3.9;3.9;"0";2014-04-16;https://codex.wordpress.org/Changelog/3.9
3.9.1;3.9;1;2014-05-08;https://codex.wordpress.org/Version_3.9.1#List_of_Files_Revised
3.9.2;3.9;2;2014-08-06;https://codex.wordpress.org/Version_3.9.2#List_of_Files_Revised
3.9.3;3.9;3;2014-11-20;https://codex.wordpress.org/Version_3.9.3#List_of_Files_Revised
3.9.4;3.9;4;2015-04-21;https://codex.wordpress.org/Version_3.9.4#List_of_Files_Revised
3.9.5;3.9;5;2015-04-23;https://codex.wordpress.org/Version_3.9.5#List_of_Files_Revised
3.9.6;3.9;6;2015-05-07;https://codex.wordpress.org/Version_3.9.6#List_of_Files_Revised
3.9.7;3.9;7;2015-07-23;https://codex.wordpress.org/Version_3.9.7#List_of_Files_Revised
3.9.8;3.9;8;2015-08-04;https://codex.wordpress.org/Version_3.9.8#List_of_Files_Revised
3.9.9;3.9;9;2015-09-15;https://codex.wordpress.org/Version_3.9.9#List_of_Files_Revised
"3.9.10";3.9;10;2016-01-06;https://codex.wordpress.org/Version_3.9.10#List_of_Files_Revised
3.9.11;3.9;11;2016-02-02;https://codex.wordpress.org/Version_3.9.11#List_of_Files_Revised
3.9.12;3.9;12;2016-05-06;https://codex.wordpress.org/Version_3.9.12#List_of_Files_Revised
3.9.13;3.9;13;2016-06-21;https://codex.wordpress.org/Version_3.9.13#List_of_Files_Revised
3.9.14;3.9;14;2016-09-07;https://codex.wordpress.org/Version_3.9.14#List_of_Files_Revised
3.9.15;3.9;15;2017-01-11;https://codex.wordpress.org/Version_3.9.15#List_of_Files_Revised
3.9.16;3.9;16;2017-01-26;https://codex.wordpress.org/Version_3.9.16#List_of_Files_Revised
3.9.17;3.9;17;2017-03-06;https://codex.wordpress.org/Version_3.9.17#List_of_Files_Revised
3.9.18;3.9;18;2017-04-20;https://codex.wordpress.org/Version_3.9.18#List_of_Files_Revised
3.9.19;3.9;19;2017-05-16;https://codex.wordpress.org/Version_3.9.19#List_of_Files_Revised
"3.9.20";3.9;20;2017-09-19;https://codex.wordpress.org/Version_3.9.20#List_of_Files_Revised
3.9.21;3.9;21;2017-10-31;https://codex.wordpress.org/Version_3.9.21#List_of_Files_Revised
3.9.22;3.9;22;2017-11-29;https://codex.wordpress.org/Version_3.9.22#List_of_Files_Revised
3.9.23;3.9;23;2018-01-16;https://codex.wordpress.org/Version_3.9.23#List_of_Files_Revised
3.9.24;3.9;24;2018-04-03;https://codex.wordpress.org/Version_3.9.24#List_of_Files_Revised
3.9.25;3.9;25;2018-07-05;https://codex.wordpress.org/Version_3.9.25#List_of_Files_Revised
3.9.26;3.9;26;2018-12-12;https://wordpress.org/support/wordpress-version/version-3-9-26/#list-of-files-revised
3.9.27;3.9;27;2019-03-13;https://wordpress.org/support/wordpress-version/version-3-9-27/#list-of-files-revised
3.9.28;3.9;28;2019-09-04;https://wordpress.org/support/wordpress-version/version-3-9-28/#list-of-files-revised
3.9.29;3.9;29;2019-10-14;https://wordpress.org/support/wordpress-version/version-3-9-29/#list-of-files-revised
"3.9.30";3.9;30;2019-12-12;https://wordpress.org/support/wordpress-version/version-3-9-30/#list-of-files-revised
3.9.31;3.9;31;2020-04-29;https://wordpress.org/support/wordpress-version/version-3-9-31/#list-of-files-revised
3.9.32;3.9;32;2020-06-10;https://wordpress.org/support/wordpress-version/version-3-9-32/#list-of-files-revised
3.9.33;3.9;33;2020-10-29;https://wordpress.org/support/wordpress-version/version-3-9-33/#list-of-files-revised
3.9.34;3.9;34;2021-05-12;https://wordpress.org/support/wordpress-version/version-3-9-34/#list-of-files-revised
3.9.35;3.9;35;2022-01-06;https://wordpress.org/support/wordpress-version/version-3-9-35/#list-of-files-revised
3.9.36;3.9;36;2022-03-11;https://wordpress.org/documentation/wordpress-version/version-3-9-36/
3.9.37;3.9;37;2022-08-30;https://wordpress.org/documentation/wordpress-version/version-3-9-37/
3.9.39;3.9;39;2022-10-17;https://wordpress.org/documentation/wordpress-version/version-3-9-39/
"3.9.40";3.9;40;2022-11-30;
"4.0";"4.0";"0";2014-09-04;"https://codex.wordpress.org/Changelog/4.0"
4.0.1;"4.0";1;2014-11-20;https://codex.wordpress.org/Version_4.0.1#List_of_Files_Revised
4.0.2;"4.0";2;2015-04-21;https://codex.wordpress.org/Version_4.0.2#List_of_Files_Revised
4.0.3;"4.0";3;2015-04-23;https://codex.wordpress.org/Version_4.0.3#List_of_Files_Revised
4.0.4;"4.0";4;2015-04-27;https://codex.wordpress.org/Version_4.0.4#List_of_Files_Revised
4.0.5;"4.0";5;2015-05-07;https://codex.wordpress.org/Version_4.0.5#List_of_Files_Revised
4.0.6;"4.0";6;2015-07-23;https://codex.wordpress.org/Version_4.0.6#List_of_Files_Revised
4.0.7;"4.0";7;2015-08-04;https://codex.wordpress.org/Version_4.0.7#List_of_Files_Revised
4.0.8;"4.0";8;2015-09-15;https://codex.wordpress.org/Version_4.0.8#List_of_Files_Revised
4.0.9;"4.0";9;2016-01-06;https://codex.wordpress.org/Version_4.0.9#List_of_Files_Revised
"4.0.10";"4.0";10;2016-02-02;https://codex.wordpress.org/Version_4.0.10#List_of_Files_Revised
4.0.11;"4.0";11;2016-05-06;https://codex.wordpress.org/Version_4.0.11#List_of_Files_Revised
4.0.12;"4.0";12;2016-06-21;https://codex.wordpress.org/Version_4.0.12#List_of_Files_Revised
4.0.13;"4.0";13;2016-09-07;https://codex.wordpress.org/Version_4.0.13#List_of_Files_Revised
4.0.14;"4.0";14;2017-01-11;https://codex.wordpress.org/Version_4.0.14#List_of_Files_Revised
4.0.15;"4.0";15;2017-01-26;https://codex.wordpress.org/Version_4.0.15#List_of_Files_Revised
4.0.16;"4.0";16;2017-03-06;https://codex.wordpress.org/Version_4.0.16#List_of_Files_Revised
4.0.17;"4.0";17;2017-04-20;https://codex.wordpress.org/Version_4.0.17#List_of_Files_Revised
4.0.18;"4.0";18;2017-05-16;https://codex.wordpress.org/Version_4.0.18#List_of_Files_Revised
4.0.19;"4.0";19;2017-09-19;https://codex.wordpress.org/Version_4.0.19#List_of_Files_Revised
"4.0.20";"4.0";20;2017-10-31;https://codex.wordpress.org/Version_4.0.20#List_of_Files_Revised
4.0.21;"4.0";21;2017-11-29;https://codex.wordpress.org/Version_4.0.21#List_of_Files_Revised
4.0.22;"4.0";22;2018-01-16;https://codex.wordpress.org/Version_4.0.22#List_of_Files_Revised
4.0.23;"4.0";23;2018-04-03;https://codex.wordpress.org/Version_4.0.23#List_of_Files_Revised
4.0.24;"4.0";24;2018-07-05;https://codex.wordpress.org/Version_4.0.24#List_of_Files_Revised
4.0.25;"4.0";25;2018-12-12;https://wordpress.org/support/wordpress-version/version-4-0-25/#list-of-files-revised
4.0.26;"4.0";26;2019-03-13;https://wordpress.org/support/wordpress-version/version-4-0-26/#list-of-files-revised
4.0.27;"4.0";27;2019-09-04;https://wordpress.org/support/wordpress-version/version-4-0-27/#list-of-files-revised
4.0.28;"4.0";28;2019-10-14;https://wordpress.org/support/wordpress-version/version-4-4-20/#list-of-files-revised
4.0.29;"4.0";29;2019-12-12;https://wordpress.org/support/wordpress-version/version-4-0-29/#list-of-files-revised
"4.0.30";"4.0";30;2020-04-29;https://wordpress.org/support/wordpress-version/version-4-0-30/#list-of-files-revised
4.0.31;"4.0";31;2020-06-10;https://wordpress.org/support/wordpress-version/version-4-0-31/#list-of-files-revised
4.0.32;"4.0";32;2020-10-29;https://wordpress.org/support/wordpress-version/version-4-0-32/#list-of-files-revised
4.0.33;"4.0";33;2021-05-12;https://wordpress.org/support/wordpress-version/version-4-0-33/#list-of-files-revised
4.0.34;"4.0";34;2022-01-06;https://wordpress.org/support/wordpress-version/version-4-0-33/#list-of-files-revised
4.0.35;"4.0";35;2022-03-11;https://wordpress.org/documentation/wordpress-version/version-4-0-35/
4.0.36;"4.0";36;2022-08-30;https://wordpress.org/documentation/wordpress-version/version-4-0-36/
4.0.37;"4.0";37;2022-10-17;https://wordpress.org/documentation/wordpress-version/version-4-0-37/
4.0.38;"4.0";38;2022-11-30;
4.1;4.1;"0";2014-12-17;https://codex.wordpress.org/Changelog/4.1
4.1.1;4.1;1;2015-02-18;https://codex.wordpress.org/Version_4.1.1#List_of_Files_Revised
4.1.2;4.1;2;2015-04-21;https://codex.wordpress.org/Version_4.1.2#List_of_Files_Revised
4.1.3;4.1;3;2015-04-23;https://codex.wordpress.org/Version_4.1.3#List_of_Files_Revised
4.1.4;4.1;4;2015-04-27;https://codex.wordpress.org/Version_4.1.4#List_of_Files_Revised
4.1.5;4.1;5;2015-05-07;https://codex.wordpress.org/Version_4.1.5#List_of_Files_Revised
4.1.6;4.1;6;2015-07-23;https://codex.wordpress.org/Version_4.1.6#List_of_Files_Revised
4.1.7;4.1;7;2015-08-04;https://codex.wordpress.org/Version_4.1.7#List_of_Files_Revised
4.1.8;4.1;8;2015-09-15;https://codex.wordpress.org/Version_4.1.8#List_of_Files_Revised
4.1.9;4.1;9;2016-01-06;https://codex.wordpress.org/Version_4.1.9#List_of_Files_Revised
"4.1.10";4.1;10;2016-02-02;https://codex.wordpress.org/Version_4.1.10#List_of_Files_Revised
4.1.11;4.1;11;2016-05-06;https://codex.wordpress.org/Version_4.1.11#List_of_Files_Revised
4.1.12;4.1;12;2016-06-21;https://codex.wordpress.org/Version_4.1.12#List_of_Files_Revised
4.1.13;4.1;13;2016-09-07;https://codex.wordpress.org/Version_4.1.13#List_of_Files_Revised
4.1.14;4.1;14;2017-01-11;https://codex.wordpress.org/Version_4.1.14#List_of_Files_Revised
4.1.15;4.1;15;2017-01-26;https://codex.wordpress.org/Version_4.1.15#List_of_Files_Revised
4.1.16;4.1;16;2017-03-06;https://codex.wordpress.org/Version_4.1.16#List_of_Files_Revised
4.1.17;4.1;17;2017-04-20;https://codex.wordpress.org/Version_4.1.17#List_of_Files_Revised
4.1.18;4.1;18;2017-05-16;https://codex.wordpress.org/Version_4.1.18#List_of_Files_Revised
4.1.19;4.1;19;2017-09-19;https://codex.wordpress.org/Version_4.1.19#List_of_Files_Revised
"4.1.20";4.1;20;2017-10-31;https://codex.wordpress.org/Version_4.1.20#List_of_Files_Revised
4.1.21;4.1;21;2017-11-29;https://codex.wordpress.org/Version_4.1.21#List_of_Files_Revised
4.1.22;4.1;22;2018-01-16;https://codex.wordpress.org/Version_4.1.22#List_of_Files_Revised
4.1.23;4.1;23;2018-04-03;https://codex.wordpress.org/Version_4.1.23#List_of_Files_Revised
4.1.24;4.1;24;2018-07-05;https://codex.wordpress.org/Version_4.1.24#List_of_Files_Revised
4.1.25;4.1;25;2018-12-12;https://wordpress.org/support/wordpress-version/version-4-1-25/#list-of-files-revised
4.1.26;4.1;26;2019-03-13;https://wordpress.org/support/wordpress-version/version-4-1-26/#list-of-files-revised
4.1.27;4.1;27;2019-09-04;https://wordpress.org/support/wordpress-version/version-4-1-27/#list-of-files-revised
4.1.28;4.1;28;2019-10-14;https://wordpress.org/support/wordpress-version/version-4-1-28/#list-of-files-revised
4.1.29;4.1;29;2019-12-12;https://wordpress.org/support/wordpress-version/version-4-1-29/#list-of-files-revised
"4.1.30";4.1;30;2020-04-29;https://wordpress.org/support/wordpress-version/version-4.1.30/#list-of-files-revised
4.1.31;4.1;31;2020-06-10;https://wordpress.org/support/wordpress-version/version-4-1-31/#list-of-files-revised
4.1.32;4.1;32;2020-10-29;https://wordpress.org/support/wordpress-version/version-4-1-32/#list-of-files-revised
4.1.33;4.1;33;2021-05-12;https://wordpress.org/support/wordpress-version/version-4-1-33/#list-of-files-revised
4.1.34;4.1;34;2022-01-06;https://wordpress.org/support/wordpress-version/version-4-1-34/#list-of-files-revised
4.1.35;4.1;35;2022-03-11;https://wordpress.org/documentation/wordpress-version/version-4-1-35/
4.1.36;4.1;36;2022-08-30;https://wordpress.org/documentation/wordpress-version/version-4-1-36/
4.1.37;4.1;37;2022-10-17;https://wordpress.org/documentation/wordpress-version/version-4-1-37/
4.1.38;4.1;38;2023-05-16;https://wordpress.org/documentation/wordpress-version/version-4-1-38/
4.1.39;4.1;39;2023-10-12;https://wordpress.org/documentation/wordpress-version/version-4-1-39/
"4.1.40";4.1;40;2024-01-30;https://wordpress.org/documentation/wordpress-version/version-4-1-40/
4.2;4.2;"0";2015-04-23;https://codex.wordpress.org/Changelog/4.2
4.2.1;4.2;1;2015-04-27;https://codex.wordpress.org/Version_4.2.1#List_of_Files_Revised
4.2.2;4.2;2;2015-05-07;https://codex.wordpress.org/Version_4.2.2#List_of_Files_Revised
4.2.3;4.2;3;2015-07-23;https://codex.wordpress.org/Version_4.2.3#List_of_Files_Revised
4.2.4;4.2;4;2015-08-04;https://codex.wordpress.org/Version_4.2.4#List_of_Files_Revised
4.2.5;4.2;5;2015-09-15;https://codex.wordpress.org/Version_4.2.5#List_of_Files_Revised
4.2.6;4.2;6;2016-01-06;https://codex.wordpress.org/Version_4.2.6#List_of_Files_Revised
4.2.7;4.2;7;2016-02-02;https://codex.wordpress.org/Version_4.2.7#List_of_Files_Revised
4.2.8;4.2;8;2016-05-06;https://codex.wordpress.org/Version_4.2.8#List_of_Files_Revised
4.2.9;4.2;9;2016-06-21;https://codex.wordpress.org/Version_4.2.9#List_of_Files_Revised
"4.2.10";4.2;10;2016-09-07;https://codex.wordpress.org/Version_4.2.10#List_of_Files_Revised
4.2.11;4.2;11;2017-01-11;https://codex.wordpress.org/Version_4.2.11#List_of_Files_Revised
4.2.12;4.2;12;2017-01-26;https://codex.wordpress.org/Version_4.2.12#List_of_Files_Revised
4.2.13;4.2;13;2017-03-06;https://codex.wordpress.org/Version_4.2.13#List_of_Files_Revised
4.2.14;4.2;14;2017-04-20;https://codex.wordpress.org/Version_4.2.14#List_of_Files_Revised
4.2.15;4.2;15;2017-05-16;https://codex.wordpress.org/Version_4.2.15#List_of_Files_Revised
4.2.16;4.2;16;2017-09-19;https://codex.wordpress.org/Version_4.2.16#List_of_Files_Revised
4.2.17;4.2;17;2017-10-31;https://codex.wordpress.org/Version_4.2.17#List_of_Files_Revised
4.2.18;4.2;18;2017-11-29;https://codex.wordpress.org/Version_4.2.18#List_of_Files_Revised
4.2.19;4.2;19;2018-01-16;https://codex.wordpress.org/Version_4.2.19#List_of_Files_Revised
"4.2.20";4.2;20;2018-04-03;https://codex.wordpress.org/Version_4.2.20#List_of_Files_Revised
4.2.21;4.2;21;2018-07-05;https://codex.wordpress.org/Version_4.2.21#List_of_Files_Revised
4.2.22;4.2;22;2018-12-12;https://wordpress.org/support/wordpress-version/version-4-2-22/#list-of-files-revised
4.2.23;4.2;23;2019-03-13;https://wordpress.org/support/wordpress-version/version-4-2-23/#list-of-files-revised
4.2.24;4.2;24;2019-09-04;https://wordpress.org/support/wordpress-version/version-4-2-24/#list-of-files-revised
4.2.25;4.2;25;2019-10-14;https://wordpress.org/support/wordpress-version/version-4-2.25/#list-of-files-revised
4.2.26;4.2;26;2019-12-12;https://wordpress.org/support/wordpress-version/version-4-2-26/#list-of-files-revised
4.2.27;4.2;27;2020-04-29;https://wordpress.org/support/wordpress-version/version-4.2.27/#list-of-files-revised
4.2.28;4.2;28;2020-06-10;https://wordpress.org/support/wordpress-version/version-4-2-28/#list-of-files-revised
4.2.29;4.2;29;2020-10-29;https://wordpress.org/support/wordpress-version/version-4-2-29/#list-of-files-revised
"4.2.30";4.2;30;2021-05-12;https://wordpress.org/support/wordpress-version/version-4-2-30/#list-of-files-revised
4.2.31;4.2;31;2022-01-06;https://wordpress.org/support/wordpress-version/version-4-2-31/#list-of-files-revised
4.2.32;4.2;32;2022-03-11;https://wordpress.org/documentation/wordpress-version/version-4-2-32/
4.2.33;4.2;33;2022-08-30;https://wordpress.org/documentation/wordpress-version/version-4-2-33/
4.2.34;4.2;34;2022-10-17;https://wordpress.org/documentation/wordpress-version/version-4-2-34/
4.2.35;4.2;35;2023-05-16;https://wordpress.org/documentation/wordpress-version/version-4-2-35/
4.2.36;4.2;36;2023-10-12;https://wordpress.org/documentation/wordpress-version/version-4-2-36/
4.2.37;4.2;37;2024-01-30;https://wordpress.org/documentation/wordpress-version/version-4-2-37/
4.3;4.3;"0";2015-08-18;https://codex.wordpress.org/Changelog/4.3
4.3.1;4.3;1;2015-09-15;https://codex.wordpress.org/Version_4.3.1#List_of_Files_Revised
4.3.2;4.3;2;2016-01-06;https://codex.wordpress.org/Version_4.3.2#List_of_Files_Revised
4.3.3;4.3;3;2016-02-02;https://codex.wordpress.org/Version_4.3.3#List_of_Files_Revised
4.3.4;4.3;4;2016-05-06;https://codex.wordpress.org/Version_4.3.4#List_of_Files_Revised
4.3.5;4.3;5;2016-06-21;https://codex.wordpress.org/Version_4.3.5#List_of_Files_Revised
4.3.6;4.3;6;2016-09-07;https://codex.wordpress.org/Version_4.3.6#List_of_Files_Revised
4.3.7;4.3;7;2017-01-11;https://codex.wordpress.org/Version_4.3.7#List_of_Files_Revised
4.3.8;4.3;8;2017-01-26;https://codex.wordpress.org/Version_4.3.8#List_of_Files_Revised
4.3.9;4.3;9;2017-03-06;https://codex.wordpress.org/Version_4.3.9#List_of_Files_Revised
"4.3.10";4.3;10;2017-04-20;https://codex.wordpress.org/Version_4.3.10#List_of_Files_Revised
4.3.11;4.3;11;2017-05-16;https://codex.wordpress.org/Version_4.3.11#List_of_Files_Revised
4.3.12;4.3;12;2017-09-19;https://codex.wordpress.org/Version_4.3.12#List_of_Files_Revised
4.3.13;4.3;13;2017-10-31;https://codex.wordpress.org/Version_4.3.13#List_of_Files_Revised
4.3.14;4.3;14;2017-11-29;https://codex.wordpress.org/Version_4.3.14#List_of_Files_Revised
4.3.15;4.3;15;2018-01-16;https://codex.wordpress.org/Version_4.3.15#List_of_Files_Revised
4.3.16;4.3;16;2018-04-03;https://codex.wordpress.org/Version_4.3.16#List_of_Files_Revised
4.3.17;4.3;17;2018-07-05;https://codex.wordpress.org/Version_4.3.17#List_of_Files_Revised
4.3.18;4.3;18;2018-12-12;https://wordpress.org/support/wordpress-version/version-4-3-18/#list-of-files-revised
4.3.19;4.3;19;2019-03-13;https://wordpress.org/support/wordpress-version/version-4-3-19/#list-of-files-revised
"4.3.20";4.3;20;2019-09-04;https://wordpress.org/support/wordpress-version/version-4-3-20/#list-of-files-revised
4.3.21;4.3;21;2019-10-14;https://wordpress.org/support/wordpress-version/version-4-3-21/#list-of-files-revised
4.3.22;4.3;22;2019-12-12;https://wordpress.org/support/wordpress-version/version-4-3-22/#list-of-files-revised
4.3.23;4.3;23;2020-04-29;https://wordpress.org/support/wordpress-version/version-4.3.23/#list-of-files-revised
4.3.24;4.3;24;2020-06-10;https://wordpress.org/support/wordpress-version/version-4-3-24/#list-of-files-revised
4.3.25;4.3;25;2020-10-29;https://wordpress.org/support/wordpress-version/version-4-3-25/#list-of-files-revised
4.3.26;4.3;26;2021-05-12;https://wordpress.org/support/wordpress-version/version-4-3-26/#list-of-files-revised
4.3.27;4.3;27;2022-01-06;https://wordpress.org/support/wordpress-version/version-4-3-27/#list-of-files-revised
4.3.28;4.3;28;2022-03-11;https://wordpress.org/documentation/wordpress-version/version-4-3-28/
4.3.29;4.3;29;2022-08-30;https://wordpress.org/documentation/wordpress-version/version-4-3-29/
"4.3.30";4.3;30;2022-10-17;https://wordpress.org/documentation/wordpress-version/version-4-3-30/
4.3.31;4.3;31;2023-05-16;https://wordpress.org/documentation/wordpress-version/version-4-3-31/
4.3.32;4.3;32;2023-10-12;https://wordpress.org/documentation/wordpress-version/version-4-3-32/
4.3.33;4.3;33;2024-01-30;https://wordpress.org/documentation/wordpress-version/version-4-3-33/
4.4;4.4;"0";2015-12-08;https://codex.wordpress.org/Changelog/4.4
4.4.1;4.4;1;2016-01-06;https://codex.wordpress.org/Version_4.4.1#List_of_Files_Revised
4.4.2;4.4;2;2016-02-02;https://codex.wordpress.org/Version_4.4.2#List_of_Files_Revised
4.4.3;4.4;3;2016-05-06;https://codex.wordpress.org/Version_4.4.3#List_of_Files_Revised
4.4.4;4.4;4;2016-06-21;https://codex.wordpress.org/Version_4.4.4#List_of_Files_Revised
4.4.5;4.4;5;2016-09-07;https://codex.wordpress.org/Version_4.4.5#List_of_Files_Revised
4.4.6;4.4;6;2017-01-11;https://codex.wordpress.org/Version_4.4.6#List_of_Files_Revised
4.4.7;4.4;7;2017-01-26;https://codex.wordpress.org/Version_4.4.7#List_of_Files_Revised
4.4.8;4.4;8;2017-03-06;https://codex.wordpress.org/Version_4.4.8#List_of_Files_Revised
4.4.9;4.4;9;2017-04-20;https://codex.wordpress.org/Version_4.4.9#List_of_Files_Revised
"4.4.10";4.4;10;2017-05-16;https://codex.wordpress.org/Version_4.4.10#List_of_Files_Revised
4.4.11;4.4;11;2017-09-19;https://codex.wordpress.org/Version_4.4.11#List_of_Files_Revised
4.4.12;4.4;12;2017-10-31;https://codex.wordpress.org/Version_4.4.12#List_of_Files_Revised
4.4.13;4.4;13;2017-11-29;https://codex.wordpress.org/Version_4.4.13#List_of_Files_Revised
4.4.14;4.4;14;2018-01-16;https://codex.wordpress.org/Version_4.4.14#List_of_Files_Revised
4.4.15;4.4;15;2018-04-03;https://codex.wordpress.org/Version_4.4.15#List_of_Files_Revised
4.4.16;4.4;16;2018-07-05;https://codex.wordpress.org/Version_4.4.16#List_of_Files_Revised
4.4.17;4.4;17;2018-12-12;https://wordpress.org/support/wordpress-version/version-4-4-17/#list-of-files-revised
4.4.18;4.4;18;2019-03-13;https://wordpress.org/support/wordpress-version/version-4-4-18/#list-of-files-revised
4.4.19;4.4;19;2019-09-04;https://wordpress.org/support/wordpress-version/version-4-4-19/#list-of-files-revised
"4.4.20";4.4;20;2019-10-14;https://wordpress.org/support/wordpress-version/version-4-4-20/#list-of-files-revised
4.4.21;4.4;21;2019-12-12;https://wordpress.org/support/wordpress-version/version-4-4-21/#list-of-files-revised
4.4.22;4.4;22;2020-04-29;https://wordpress.org/support/wordpress-version/version-4.4.22/#list-of-files-revised
4.4.23;4.4;23;2020-06-10;https://wordpress.org/support/wordpress-version/version-4-4-23/#list-of-files-revised
4.4.24;4.4;24;2020-10-29;https://wordpress.org/support/wordpress-version/version-4-4-24/#list-of-files-revised
4.4.25;4.4;25;2021-05-12;https://wordpress.org/support/wordpress-version/version-4-4-25/#list-of-files-revised
4.4.26;4.4;26;2022-01-06;https://wordpress.org/support/wordpress-version/version-4-4-26/#list-of-files-revised
4.4.27;4.4;27;2022-03-11;https://wordpress.org/documentation/wordpress-version/version-4-4-27/
4.4.28;4.4;28;2022-08-30;https://wordpress.org/documentation/wordpress-version/version-4-4-28/
4.4.29;4.4;29;2022-10-17;https://wordpress.org/documentation/wordpress-version/version-4-4-29/
"4.4.30";4.4;30;2023-05-16;https://wordpress.org/documentation/wordpress-version/version-4-4-30/
4.4.31;4.4;31;2023-10-12;https://wordpress.org/documentation/wordpress-version/version-4-4-31/
4.4.32;4.4;32;2024-01-30;https://wordpress.org/documentation/wordpress-version/version-4-4-32/
4.5;4.5;"0";2016-04-12;https://codex.wordpress.org/Changelog/4.5
4.5.1;4.5;1;2016-04-26;https://codex.wordpress.org/Version_4.5.1#List_of_Files_Revised
4.5.2;4.5;2;2016-05-06;https://codex.wordpress.org/Version_4.5.2#List_of_Files_Revised
4.5.3;4.5;3;2016-06-21;https://codex.wordpress.org/Version_4.5.3#List_of_Files_Revised
4.5.4;4.5;4;2016-09-07;https://codex.wordpress.org/Version_4.5.4#List_of_Files_Revised
4.5.5;4.5;5;2017-01-11;https://codex.wordpress.org/Version_4.5.5#List_of_Files_Revised
4.5.6;4.5;6;2017-01-26;https://codex.wordpress.org/Version_4.5.6#List_of_Files_Revised
4.5.7;4.5;7;2017-03-06;https://codex.wordpress.org/Version_4.5.7#List_of_Files_Revised
4.5.8;4.5;8;2017-04-20;https://codex.wordpress.org/Version_4.5.8#List_of_Files_Revised
4.5.9;4.5;9;2017-05-16;https://codex.wordpress.org/Version_4.5.9#List_of_Files_Revised
"4.5.10";4.5;10;2017-09-19;https://codex.wordpress.org/Version_4.5.10#List_of_Files_Revised
4.5.11;4.5;11;2017-10-31;https://codex.wordpress.org/Version_4.5.11#List_of_Files_Revised
4.5.12;4.5;12;2017-11-29;https://codex.wordpress.org/Version_4.5.12#List_of_Files_Revised
4.5.13;4.5;13;2018-01-16;https://codex.wordpress.org/Version_4.5.13#List_of_Files_Revised
4.5.14;4.5;14;2018-04-03;https://codex.wordpress.org/Version_4.5.14#List_of_Files_Revised
4.5.15;4.5;15;2018-07-05;https://codex.wordpress.org/Version_4.5.15#List_of_Files_Revised
4.5.16;4.5;16;2018-12-12;https://wordpress.org/support/wordpress-version/version-4-5-16/#list-of-files-revised
4.5.17;4.5;17;2019-03-13;https://wordpress.org/support/wordpress-version/version-4-5-17/#list-of-files-revised
4.5.18;4.5;18;2019-09-04;https://wordpress.org/support/wordpress-version/version-4-5-18/#list-of-files-revised
4.5.19;4.5;19;2019-10-14;https://wordpress.org/support/wordpress-version/version-4-5-19/#list-of-files-revised
"4.5.20";4.5;20;2019-12-12;https://wordpress.org/support/wordpress-version/version-4-5-20/#list-of-files-revised
4.5.21;4.5;21;2020-04-29;https://wordpress.org/support/wordpress-version/version-4.5.21/#list-of-files-revised
4.5.22;4.5;22;2020-06-10;https://wordpress.org/support/wordpress-version/version-4-5-22/#list-of-files-revised
4.5.23;4.5;23;2020-10-29;https://wordpress.org/support/wordpress-version/version-4-5-23/#list-of-files-revised
4.5.24;4.5;24;2021-05-12;https://wordpress.org/support/wordpress-version/version-4-5-24/#list-of-files-revised
4.5.25;4.5;25;2022-01-06;https://wordpress.org/support/wordpress-version/version-4-5-25/#list-of-files-revised
4.5.26;4.5;26;2022-03-11;https://wordpress.org/documentation/wordpress-version/version-4-5-26/
4.5.27;4.5;27;2022-08-30;https://wordpress.org/documentation/wordpress-version/version-4-5-27/
4.5.28;4.5;28;2022-10-17;https://wordpress.org/documentation/wordpress-version/version-4-5-28/
4.5.29;4.5;29;2023-05-16;https://wordpress.org/documentation/wordpress-version/version-4-5-29/
"4.5.30";4.5;30;2023-10-12;https://wordpress.org/documentation/wordpress-version/version-4-5-30/
4.5.31;4.5;31;2024-01-30;
4.6;4.6;"0";2016-08-16;https://codex.wordpress.org/Changelog/4.6
4.6.1;4.6;1;2016-09-07;https://codex.wordpress.org/Version_4.6.1#List_of_Files_Revised
4.6.2;4.6;2;2017-01-11;https://codex.wordpress.org/Version_4.6.2#List_of_Files_Revised
4.6.3;4.6;3;2017-01-26;https://codex.wordpress.org/Version_4.6.3#List_of_Files_Revised
4.6.4;4.6;4;2017-03-06;https://codex.wordpress.org/Version_4.6.4#List_of_Files_Revised
4.6.5;4.6;5;2017-04-20;https://codex.wordpress.org/Version_4.6.5#List_of_Files_Revised
4.6.6;4.6;6;2017-05-16;https://codex.wordpress.org/Version_4.6.6#List_of_Files_Revised
4.6.7;4.6;7;2017-09-19;https://codex.wordpress.org/Version_4.6.7#List_of_Files_Revised
4.6.8;4.6;8;2017-10-31;https://codex.wordpress.org/Version_4.6.8#List_of_Files_Revised
4.6.9;4.6;9;2017-11-29;https://codex.wordpress.org/Version_4.6.9#List_of_Files_Revised
"4.6.10";4.6;10;2018-01-16;https://codex.wordpress.org/Version_4.6.10#List_of_Files_Revised
4.6.11;4.6;11;2018-04-03;https://codex.wordpress.org/Version_4.6.11#List_of_Files_Revised
4.6.12;4.6;12;2018-07-05;https://codex.wordpress.org/Version_4.6.12#List_of_Files_Revised
4.6.13;4.6;13;2018-12-12;https://wordpress.org/support/wordpress-version/version-4-6-13/#list-of-files-revised
4.6.14;4.6;14;2019-03-13;https://wordpress.org/support/wordpress-version/version-4-6-14/#list-of-files-revised
4.6.15;4.6;15;2019-09-04;https://wordpress.org/support/wordpress-version/version-4-6-15/#list-of-files-revised
4.6.16;4.6;16;2019-10-14;https://wordpress.org/support/wordpress-version/version-4-6-16/#list-of-files-revised
4.6.17;4.6;17;2019-12-12;https://wordpress.org/support/wordpress-version/version-4-6-17/#list-of-files-revised
4.6.18;4.6;18;2020-04-29;https://wordpress.org/support/wordpress-version/version-4.6.18/#list-of-files-revised
4.6.19;4.6;19;2020-06-10;https://wordpress.org/support/wordpress-version/version-4-6-19/#list-of-files-revised
"4.6.20";4.6;20;2020-10-29;https://wordpress.org/support/wordpress-version/version-4-6-20/#list-of-files-revised
4.6.21;4.6;21;2021-05-12;https://wordpress.org/support/wordpress-version/version-4-6-21/#list-of-files-revised
4.6.22;4.6;22;2022-01-06;https://wordpress.org/support/wordpress-version/version-4.6.22/#list-of-files-revised
4.6.23;4.6;23;2022-03-11;https://wordpress.org/documentation/wordpress-version/version-4.6.23/
4.6.24;4.6;24;2022-08-30;https://wordpress.org/documentation/wordpress-version/version-4.6.24/
4.6.25;4.6;25;2022-10-17;https://wordpress.org/documentation/wordpress-version/version-4.6.25/
4.6.26;4.6;26;2023-05-16;
4.6.27;4.6;27;2023-10-12;
4.6.28;4.6;28;2024-01-30;
4.7;4.7;"0";2016-12-06;https://codex.wordpress.org/Changelog/4.7
4.7.1;4.7;1;2017-01-11;https://codex.wordpress.org/Version_4.7.1#List_of_Files_Revised
4.7.2;4.7;2;2017-01-26;https://codex.wordpress.org/Version_4.7.2#List_of_Files_Revised
4.7.3;4.7;3;2017-03-06;https://codex.wordpress.org/Version_4.7.3#List_of_Files_Revised
4.7.4;4.7;4;2017-04-20;https://codex.wordpress.org/Version_4.7.4#List_of_Files_Revised
4.7.5;4.7;5;2017-05-16;https://codex.wordpress.org/Version_4.7.5#List_of_Files_Revised
4.7.6;4.7;6;2017-09-19;https://codex.wordpress.org/Version_4.7.6#List_of_Files_Revised
4.7.7;4.7;7;2017-10-31;https://codex.wordpress.org/Version_4.7.7#List_of_Files_Revised
4.7.8;4.7;8;2017-11-29;https://codex.wordpress.org/Version_4.7.8#List_of_Files_Revised
4.7.9;4.7;9;2018-01-16;https://codex.wordpress.org/Version_4.7.9#List_of_Files_Revised
"4.7.10";4.7;10;2018-04-03;https://codex.wordpress.org/Version_4.7.10#List_of_Files_Revised
4.7.11;4.7;11;2018-07-05;https://codex.wordpress.org/Version_4.7.11#List_of_Files_Revised
4.7.12;4.7;12;2018-12-12;https://wordpress.org/support/wordpress-version/version-4-7-12/#list-of-files-revised
4.7.13;4.7;13;2019-03-13;https://wordpress.org/support/wordpress-version/version-4-7-13/#list-of-files-revised
4.7.14;4.7;14;2019-09-04;https://wordpress.org/support/wordpress-version/version-4-7-14/#list-of-files-revised
4.7.15;4.7;15;2019-10-14;https://wordpress.org/support/wordpress-version/version-4-7-15/#list-of-files-revised
4.7.16;4.7;16;2019-12-12;https://wordpress.org/support/wordpress-version/version-4-7-16/#list-of-files-revised
4.7.17;4.7;17;2020-04-29;https://wordpress.org/support/wordpress-version/version-4.7.17/#list-of-files-revised
4.7.18;4.7;18;2020-06-10;https://wordpress.org/support/wordpress-version/version-4-7-18/#list-of-files-revised
4.7.19;4.7;19;2020-10-29;https://wordpress.org/support/wordpress-version/version-4-7-19/#list-of-files-revised
"4.7.20";4.7;20;2021-04-14;https://wordpress.org/support/wordpress-version/version-4-7-20/#list-of-files-revised
4.7.21;4.7;21;2021-05-12;https://wordpress.org/support/wordpress-version/version-4-7-21/#list-of-files-revised
4.7.22;4.7;22;2022-01-06;https://wordpress.org/support/wordpress-version/version-4.7.22/#list-of-files-revised
4.7.23;4.7;23;2022-03-11;https://wordpress.org/documentation/wordpress-version/version-4.7.23/
4.7.24;4.7;24;2022-08-30;https://wordpress.org/documentation/wordpress-version/version-4.7.24/
4.7.25;4.7;25;2022-10-17;https://wordpress.org/documentation/wordpress-version/version-4.7.25/
4.7.26;4.7;26;2023-05-16;
4.7.27;4.7;27;2023-10-12;
4.7.28;4.7;28;2024-01-30;
4.8;4.8;"0";2017-06-08;https://codex.wordpress.org/Changelog/4.8
4.8.1;4.8;1;2017-08-02;https://codex.wordpress.org/Version_4.8.1#List_of_Files_Revised
4.8.2;4.8;2;2017-09-19;https://codex.wordpress.org/Version_4.8.2#List_of_Files_Revised
4.8.3;4.8;3;2017-10-31;https://codex.wordpress.org/Version_4.8.3#List_of_Files_Revised
4.8.4;4.8;4;2017-11-29;https://codex.wordpress.org/Version_4.8.4#List_of_Files_Revised
4.8.5;4.8;5;2018-01-16;https://codex.wordpress.org/Version_4.8.5#List_of_Files_Revised
4.8.6;4.8;6;2018-04-03;https://codex.wordpress.org/Version_4.8.6#List_of_Files_Revised
4.8.7;4.8;7;2018-07-05;https://codex.wordpress.org/Version_4.8.7#List_of_Files_Revised
4.8.8;4.8;8;2018-12-12;https://wordpress.org/support/wordpress-version/version-4-8-8/#list-of-files-revised
4.8.9;4.8;9;2019-03-13;https://wordpress.org/support/wordpress-version/version-4-8-9/#list-of-files-revised
"4.8.10";4.8;10;2019-09-04;https://wordpress.org/support/wordpress-version/version-4-8-10/#list-of-files-revised
4.8.11;4.8;11;2019-10-14;https://wordpress.org/support/wordpress-version/version-4-8-11/#list-of-files-revised
4.8.12;4.8;12;2019-12-12;https://wordpress.org/support/wordpress-version/version-4.8.12/#list-of-files-revised
4.8.13;4.8;13;2020-04-29;https://wordpress.org/support/wordpress-version/version-4.8.13/#list-of-files-revised
4.8.14;4.8;14;2020-06-10;https://wordpress.org/support/wordpress-version/version-4-8-14/#list-of-files-revised
4.8.15;4.8;15;2020-10-29;https://wordpress.org/support/wordpress-version/version-4-8-15/#list-of-files-revised
4.8.16;4.8;16;2021-04-14;https://wordpress.org/support/wordpress-version/version-4-8-16/#list-of-files-revised
4.8.17;4.8;17;2021-05-12;https://wordpress.org/support/wordpress-version/version-4-8-17/#list-of-files-revised
4.8.18;4.8;18;2022-01-06;https://wordpress.org/support/wordpress-version/version-4.8.18/#list-of-files-revised
4.8.19;4.8;19;2022-03-11;https://wordpress.org/documentation/wordpress-version/version-4.8.19/
"4.8.20";4.8;20;2022-08-30;https://wordpress.org/documentation/wordpress-version/version-4.8.20/
4.8.21;4.8;21;2022-10-17;https://wordpress.org/documentation/wordpress-version/version-4.8.21/
4.8.22;4.8;22;2023-05-16;
4.8.23;4.8;23;2023-10-12;
4.8.24;4.8;24;2024-01-30;
4.9;4.9;"0";2017-11-15;https://codex.wordpress.org/Changelog/4.9
4.9.1;4.9;1;2017-11-29;https://codex.wordpress.org/Version_4.9.1#List_of_Files_Revised
4.9.2;4.9;2;2018-01-16;https://codex.wordpress.org/Version_4.9.2#List_of_Files_Revised
4.9.3;4.9;3;2018-02-05;https://codex.wordpress.org/Version_4.9.3#List_of_Files_Revised
4.9.4;4.9;4;2018-02-06;https://codex.wordpress.org/Version_4.9.4#List_of_Files_Revised
4.9.5;4.9;5;2018-04-03;https://codex.wordpress.org/Version_4.9.5#List_of_Files_Revised
4.9.6;4.9;6;2018-05-17;https://codex.wordpress.org/Version_4.9.6#List_of_Files_Revised
4.9.7;4.9;7;2018-07-05;https://codex.wordpress.org/Version_4.9.7#List_of_Files_Revised
4.9.8;4.9;8;2018-08-02;https://codex.wordpress.org/Version_4.9.8#List_of_Files_Revised
4.9.9;4.9;9;2018-12-12;https://wordpress.org/support/wordpress-version/version-4-9-9/#list-of-files-revised
"4.9.10";4.9;10;2019-03-13;https://wordpress.org/support/wordpress-version/version-4-9-10/#list-of-files-revised
4.9.11;4.9;11;2019-09-04;https://wordpress.org/support/wordpress-version/version-4-9-11/#list-of-files-revised
4.9.12;4.9;12;2019-10-14;https://wordpress.org/support/wordpress-version/version-4-9-12/#list-of-files-revised
4.9.13;4.9;13;2019-12-12;https://wordpress.org/support/wordpress-version/version-4-9-13/#list-of-files-revised
4.9.14;4.9;14;2020-04-29;https://wordpress.org/support/wordpress-version/version-4.9.14/#list-of-files-revised
4.9.15;4.9;15;2020-06-10;https://wordpress.org/support/wordpress-version/version-4-9-15/#list-of-files-revised
4.9.16;4.9;16;2020-10-29;https://wordpress.org/support/wordpress-version/version-4-9-16/#list-of-files-revised
4.9.17;4.9;17;2021-04-14;https://wordpress.org/support/wordpress-version/version-4-9-17/#list-of-files-revised
4.9.18;4.9;18;2021-05-12;https://wordpress.org/support/wordpress-version/version-4-9-18/#list-of-files-revised
4.9.19;4.9;19;2022-01-06;https://wordpress.org/support/wordpress-version/version-4-9-19/#list-of-files-revised
"4.9.20";4.9;20;2022-03-11;https://wordpress.org/documentation/wordpress-version/version-4-9-20/
4.9.21;4.9;21;2022-08-30;https://wordpress.org/documentation/wordpress-version/version-4-9-21/
4.9.22;4.9;22;2022-10-17;https://wordpress.org/documentation/wordpress-version/version-4-9-22/
4.9.23;4.9;23;2023-05-16;
4.9.24;4.9;24;2023-10-12;
4.9.25;4.9;25;2024-01-30;
"5.0";"5.0";"0";2018-12-06;"https://codex.wordpress.org/Changelog/5.0"
5.0.1;"5.0";1;2018-12-12;https://wordpress.org/support/wordpress-version/version-5-0-1/#list-of-files-revised
5.0.2;"5.0";2;2018-12-19;https://wordpress.org/support/wordpress-version/version-5-0-2/#list-of-files-revised
5.0.3;"5.0";3;2019-01-09;https://wordpress.org/support/wordpress-version/version-5-0-3/#list-of-files-revised
5.0.4;"5.0";4;2019-05-21;https://wordpress.org/support/wordpress-version/version-5-0-4/#list-of-files-revised
5.0.6;"5.0";6;2019-09-04;https://wordpress.org/support/wordpress-version/version-5-0-6/#list-of-files-revised
5.0.7;"5.0";7;2019-10-14;https://wordpress.org/support/wordpress-version/version-5-0-7/#list-of-files-revised
5.0.8;"5.0";8;2019-12-12;https://wordpress.org/support/wordpress-version/version-5-0-8/#list-of-files-revised
5.0.9;"5.0";9;2020-04-29;https://wordpress.org/support/wordpress-version/version-5-0-9/#list-of-files-revised
"5.0.10";"5.0";10;2020-06-10;https://wordpress.org/support/wordpress-version/version-5-0-10/#list-of-files-revised
5.0.11;"5.0";11;2020-10-29;https://wordpress.org/support/wordpress-version/version-5-0-11/#list-of-files-revised
5.0.12;"5.0";12;2021-04-14;https://wordpress.org/support/wordpress-version/version-5-0-12/#list-of-files-revised
5.0.13;"5.0";13;2021-05-12;https://wordpress.org/support/wordpress-version/version-5-0-13/#list-of-files-revised
5.0.14;"5.0";14;2021-09-21;https://wordpress.org/support/wordpress-version/version-5-0-14/
5.0.15;"5.0";15;2022-01-06;https://wordpress.org/support/wordpress-version/version-5-0-15/#list-of-files-revised
5.0.16;"5.0";16;2022-03-11;https://wordpress.org/documentation/wordpress-version/version-5-0-16/
5.0.17;"5.0";17;2022-08-30;https://wordpress.org/documentation/wordpress-version/version-5-0-17
5.0.18;"5.0";18;2022-10-17;https://wordpress.org/documentation/wordpress-version/version-5-0-18/
5.0.19;"5.0";19;2023-05-16;
"5.0.20";"5.0";20;2023-10-12;
5.0.21;"5.0";21;2024-01-30;
5.1;5.1;"0";2019-02-21;https://codex.wordpress.org/Changelog/5.1
5.1.1;5.1;1;2019-03-13;https://wordpress.org/support/wordpress-version/version-5-1-1/#list-of-files-revised
5.1.2;5.1;2;2019-09-04;https://wordpress.org/support/wordpress-version/version-5-1-2/#list-of-files-revised
5.1.3;5.1;3;2019-10-14;https://wordpress.org/support/wordpress-version/version-5-1-3/#list-of-files-revised
5.1.4;5.1;4;2019-12-12;https://wordpress.org/support/wordpress-version/version-5-1-4/#list-of-files-revised
5.1.5;5.1;5;2020-04-29;https://wordpress.org/support/wordpress-version/version-5-1-5/#list-of-files-revised
5.1.6;5.1;6;2020-06-10;https://wordpress.org/support/wordpress-version/version-5-1-6/#list-of-files-revised
5.1.7;5.1;7;2020-10-29;https://wordpress.org/support/wordpress-version/version-5-1-7/#list-of-files-revised
5.1.8;5.1;8;2020-10-30;https://wordpress.org/support/wordpress-version/version-5-1-8/#list-of-files-revised
5.1.9;5.1;9;2021-04-14;https://wordpress.org/support/wordpress-version/version-5-1-9/#list-of-files-revised
"5.1.10";5.1;10;2021-05-12;https://wordpress.org/support/wordpress-version/version-5-1-10/#list-of-files-revised
5.1.11;5.1;11;2021-09-21;https://wordpress.org/support/wordpress-version/version-5-1-11/
5.1.12;5.1;12;2022-01-06;https://wordpress.org/support/wordpress-version/version-5-1-12/#list-of-files-revised
5.1.13;5.1;13;2022-03-11;https://wordpress.org/documentation/wordpress-version/version-5-1-13/
5.1.14;5.1;14;2022-08-30;https://wordpress.org/documentation/wordpress-version/version-5-1-14/
5.1.15;5.1;15;2022-10-17;https://wordpress.org/documentation/wordpress-version/version-5-1-15/
5.1.16;5.1;16;2023-05-16;
5.1.17;5.1;17;2023-10-12;
5.1.18;5.1;18;2024-01-30;
5.2;5.2;"0";2019-05-07;https://wordpress.org/support/wordpress-version/version-5-2/#list-of-files-revised
5.2.1;5.2;1;2019-05-21;https://wordpress.org/support/wordpress-version/version-5-2-1/#list-of-files-revised
5.2.2;5.2;2;2019-06-18;https://wordpress.org/support/wordpress-version/version-5-2-2/#list-of-files-revised
5.2.3;5.2;3;2019-09-04;https://wordpress.org/support/wordpress-version/version-5-2-3/#list-of-files-revised
5.2.4;5.2;4;2019-10-14;https://wordpress.org/support/wordpress-version/version-5-2-4/#list-of-files-revised
5.2.5;5.2;5;2019-12-12;https://wordpress.org/support/wordpress-version/version-5-2-4/#list-of-files-revised
5.2.6;5.2;6;2020-04-29;https://wordpress.org/support/wordpress-version/version-5-2-6/#list-of-files-revised
5.2.7;5.2;7;2020-06-10;https://wordpress.org/support/wordpress-version/version-5-2-7/#list-of-files-revised
5.2.8;5.2;8;2020-10-29;https://wordpress.org/support/wordpress-version/version-5-2-8/#list-of-files-revised
5.2.9;5.2;9;2020-10-30;https://wordpress.org/support/wordpress-version/version-5-2-9/#list-of-files-revised
"5.2.10";5.2;10;2021-04-14;https://wordpress.org/support/wordpress-version/version-5-2-10/#list-of-files-revised
5.2.11;5.2;11;2021-05-12;https://wordpress.org/support/wordpress-version/version-5-2-11/#list-of-files-revised
5.2.12;5.2;12;2021-09-09;https://wordpress.org/support/wordpress-version/version-5-2-12/#list-of-files-revised
5.2.13;5.2;13;2021-11-10;https://wordpress.org/support/wordpress-version/version-5-2-13/#list-of-files-revised
5.2.14;5.2;14;2022-01-06;https://wordpress.org/support/wordpress-version/version-5-2-14/#list-of-files-revised
5.2.15;5.2;15;2022-03-11;https://wordpress.org/documentation/wordpress-version/version-5-2-15/
5.2.16;5.2;16;2022-08-30;https://wordpress.org/documentation/wordpress-version/version-5-2-16/
5.2.17;5.2;17;2022-10-17;https://wordpress.org/documentation/wordpress-version/version-5-2-17/
5.2.18;5.2;18;2023-05-16;
5.2.19;5.2;19;2023-10-12;
"5.2.20";5.2;20;2024-01-30;
5.3;5.3;"0";2019-11-12;https://wordpress.org/support/wordpress-version/version-5-3/#list-of-files-revised
5.3.1;5.3;1;2019-12-12;https://wordpress.org/support/wordpress-version/version-5-3-1/#list-of-files-revised
5.3.2;5.3;2;2019-12-18;https://wordpress.org/support/wordpress-version/version-5-3-2/#list-of-files-revised
5.3.3;5.3;3;2020-04-29;https://wordpress.org/support/wordpress-version/version-5-3-3/#list-of-files-revised
5.3.4;5.3;4;2020-06-10;https://wordpress.org/support/wordpress-version/version-5-3-4/#list-of-files-revised
5.3.5;5.3;5;2020-10-29;https://wordpress.org/support/wordpress-version/version-5-3-5/#list-of-files-revised
5.3.6;5.3;6;2020-10-30;https://wordpress.org/support/wordpress-version/version-5-3-6/#list-of-files-revised
5.3.7;5.3;7;2021-04-14;https://wordpress.org/support/wordpress-version/version-5-3-7/#list-of-files-revised
5.3.8;5.3;8;2021-05-12;https://wordpress.org/support/wordpress-version/version-5-3-8/#list-of-files-revised
5.3.9;5.3;9;2021-09-11;https://wordpress.org/support/wordpress-version/version-5-3-9/#list-of-files-revised
"5.3.10";5.3;10;2021-11-10;https://wordpress.org/support/wordpress-version/version-5-3-10/#list-of-files-revised
5.3.11;5.3;11;2022-01-06;https://wordpress.org/support/wordpress-version/version-5-3-11/#list-of-files-revised
5.3.12;5.3;12;2022-03-11;https://wordpress.org/documentation/wordpress-version/version-5-3-12/
5.3.13;5.3;13;2022-08-30;https://wordpress.org/documentation/wordpress-version/version-5-3-13/
5.3.14;5.3;14;2022-10-17;https://wordpress.org/documentation/wordpress-version/version-5-3-14/
5.3.15;5.3;15;2023-05-16;
5.3.16;5.3;16;2023-10-12;
5.3.17;5.3;17;2024-01-30;
5.4;5.4;"0";2020-03-31;https://wordpress.org/support/wordpress-version/version-5-4/#list-of-files-revised
5.4.1;5.4;1;2020-04-29;https://wordpress.org/support/wordpress-version/version-5-4-1/#list-of-files-revised
5.4.2;5.4;2;2020-06-10;https://wordpress.org/support/wordpress-version/version-5-4-2/#list-of-files-revised
5.4.3;5.4;3;2020-10-29;https://wordpress.org/support/wordpress-version/version-5-4-3/#list-of-files-revised
5.4.4;5.4;4;2020-10-30;https://wordpress.org/support/wordpress-version/version-5-4-4/#list-of-files-revised
5.4.5;5.4;5;2021-04-14;https://wordpress.org/support/wordpress-version/version-5-4-5/#list-of-files-revised
5.4.6;5.4;6;2021-05-12;https://wordpress.org/support/wordpress-version/version-5-4-6/#list-of-files-revised
5.4.7;5.4;7;2021-09-09;https://wordpress.org/support/wordpress-version/version-5-4-7/#list-of-files-revised
5.4.8;5.4;8;2021-11-10;https://wordpress.org/support/wordpress-version/version-5-4-8/#list-of-files-revised
5.4.9;5.4;9;2022-01-06;https://wordpress.org/support/wordpress-version/version-5-4-9/#list-of-files-revised
"5.4.10";5.4;10;2022-03-10;https://wordpress.org/documentation/wordpress-version/version-5-4-10/
5.4.11;5.4;11;2022-08-30;https://wordpress.org/documentation/wordpress-version/version-5-4-11/
5.4.12;5.4;12;2022-10-17;https://wordpress.org/documentation/wordpress-version/version-5-4-12/
5.4.13;5.4;13;2023-05-16;
5.4.14;5.4;14;2023-10-12;
5.4.15;5.4;15;2024-01-30;
5.5;5.5;"0";2020-08-11;https://wordpress.org/support/wordpress-version/version-5-5/#list-of-files-revised
5.5.1;5.5;1;2020-09-01;https://wordpress.org/support/wordpress-version/version-5-5-1/#list-of-files-revised
5.5.2;5.5;2;2020-10-29;https://wordpress.org/support/wordpress-version/version-5-5-2/#list-of-files-revised
5.5.3;5.5;3;2020-10-30;https://wordpress.org/support/wordpress-version/version-5-5-3/#list-of-files-revised
5.5.4;5.5;4;2021-04-14;https://wordpress.org/support/wordpress-version/version-5-5-4/#list-of-files-revised
5.5.5;5.5;5;2021-05-12;https://wordpress.org/support/wordpress-version/version-5-5-5/#list-of-files-revised
5.5.6;5.5;6;2021-09-09;https://wordpress.org/support/wordpress-version/version-5-5-6/#list-of-files-revised
5.5.7;5.5;7;2021-11-10;https://wordpress.org/support/wordpress-version/version-5-5-7/#list-of-files-revised
5.5.8;5.5;8;2022-01-06;https://wordpress.org/support/wordpress-version/version-5-5-8/#list-of-files-revised
5.5.9;5.5;9;2022-03-11;https://wordpress.org/documentation/wordpress-version/version-5-5-9/
"5.5.10";5.5;10;2022-08-30;https://wordpress.org/documentation/wordpress-version/version-5-5-10/
5.5.11;5.5;11;2022-10-17;https://wordpress.org/documentation/wordpress-version/version-5-5-11/
5.5.12;5.5;12;2023-05-16;
5.5.13;5.5;13;2023-10-12;
5.5.14;5.5;14;2024-01-30;
5.6;5.6;"0";2020-12-08;https://wordpress.org/support/wordpress-version/version-5-6/#list-of-files-revised
5.6.1;5.6;1;2021-02-03;https://wordpress.org/support/wordpress-version/version-5-6-1/#list-of-files-revised
5.6.2;5.6;2;2021-02-22;https://wordpress.org/support/wordpress-version/version-5-6-2/#list-of-files-revised
5.6.3;5.6;3;2021-04-14;https://wordpress.org/support/wordpress-version/version-5-6-3/#list-of-files-revised
5.6.4;5.6;4;2021-05-12;https://wordpress.org/support/wordpress-version/version-5-6-4/#list-of-files-revised
5.6.5;5.6;5;2021-09-09;https://wordpress.org/support/wordpress-version/version-5-6-5/#list-of-files-revised
5.6.6;5.6;6;2021-11-10;https://wordpress.org/support/wordpress-version/version-5-6-6/#list-of-files-revised
5.6.7;5.6;7;2022-01-06;https://wordpress.org/support/wordpress-version/version-5-6-7/#list-of-files-revised
5.6.8;5.6;8;2022-03-11;https://wordpress.org/documentation/wordpress-version/version-5-6-8/
5.6.9;5.6;9;2022-08-30;https://wordpress.org/documentation/wordpress-version/version-5-6-9/
"5.6.10";5.6;10;2022-10-17;https://wordpress.org/documentation/wordpress-version/version-5-6-10/
5.6.11;5.6;11;2023-05-16;
5.6.12;5.6;12;2023-10-12;
5.6.13;5.6;13;2024-01-30;
5.7;5.7;"0";2021-03-09;https://wordpress.org/support/wordpress-version/version-5-7/#list-of-files-revised
5.7.1;5.7;1;2021-04-14;https://wordpress.org/support/wordpress-version/version-5-7-1/#list-of-files-revised
5.7.2;5.7;2;2021-05-12;https://wordpress.org/support/wordpress-version/version-5-7-2/#list-of-files-revised
5.7.3;5.7;3;2021-09-09;https://wordpress.org/support/wordpress-version/version-5-7-3/#list-of-files-revised
5.7.4;5.7;4;2021-11-10;https://wordpress.org/support/wordpress-version/version-5-7-4/#list-of-files-revised
5.7.5;5.7;5;2022-01-06;https://wordpress.org/support/wordpress-version/version-5-7-5/#list-of-files-revised
5.7.6;5.7;6;2022-03-11;https://wordpress.org/documentation/wordpress-version/version-5-7-6/
5.7.7;5.7;7;2022-08-30;https://wordpress.org/documentation/wordpress-version/version-5-7-7/
5.7.8;5.7;8;2022-10-17;https://wordpress.org/documentation/wordpress-version/version-5-7-8/
5.7.9;5.7;9;2023-05-16;
"5.7.10";5.7;10;2023-10-12;
5.7.11;5.7;11;2024-01-30;
5.8;5.8;"0";2021-07-20;https://wordpress.org/support/wordpress-version/version-5-8/#list-of-files-revised
5.8.1;5.8;1;2021-09-09;https://wordpress.org/support/wordpress-version/version-5-8-1/#list-of-files-revised
5.8.2;5.8;2;2021-11-10;https://wordpress.org/support/wordpress-version/version-5-8-2/#list-of-files-revised
5.8.3;5.8;3;2022-01-06;https://wordpress.org/support/wordpress-version/version-5-8-3/#list-of-files-revised
5.8.4;5.8;4;2022-03-11;https://wordpress.org/documentation/wordpress-version/version-5-8-4/
5.8.5;5.8;5;2022-08-30;https://wordpress.org/documentation/wordpress-version/version-5-8-5/
5.8.6;5.8;6;2022-10-17;https://wordpress.org/documentation/wordpress-version/version-5-8-6/
5.8.7;5.8;7;2023-05-16;
5.8.8;5.8;8;2023-10-12;
5.8.9;5.8;9;2024-01-30;
5.9;5.9;"0";2022-01-25;https://wordpress.org/support/wordpress-version/version-5-9/#list-of-files-revised
5.9.1;5.9;1;2022-02-22;https://wordpress.org/support/wordpress-version/version-5-9-1/#list-of-files-revised
5.9.2;5.9;2;2022-03-10;https://wordpress.org/support/wordpress-version/version-5-9-2/#list-of-files-revised
5.9.3;5.9;3;2022-04-05;https://wordpress.org/support/wordpress-version/version-5-9-3/#list-of-files-revised
5.9.4;5.9;4;2022-08-30;https://wordpress.org/documentation/wordpress-version/version-5-9-4/
5.9.5;5.9;5;2022-10-17;https://wordpress.org/documentation/wordpress-version/version-5-9-5/
5.9.6;5.9;6;2023-05-16;
5.9.7;5.9;7;2023-05-20;
5.9.8;5.9;8;2023-10-12;
5.9.9;5.9;9;2024-01-30;
"6.0";"6.0";"0";2022-05-24;https://wordpress.org/support/wordpress-version/version-6-0/#list-of-files-revised
6.0.1;"6.0";1;2022-07-12;https://wordpress.org/support/wordpress-version/version-6-0-1/#list-of-files-revised
6.0.2;"6.0";2;2022-08-30;https://wordpress.org/documentation/wordpress-version/version-6-0-2/
6.0.3;"6.0";3;2022-10-17;https://wordpress.org/documentation/wordpress-version/version-6-0-3/
6.0.4;"6.0";4;2023-05-16;
6.0.5;"6.0";5;2023-05-20;
6.0.6;"6.0";6;2023-10-12;
6.0.7;"6.0";7;2024-01-30;
6.1;6.1;"0";2022-11-02;https://wordpress.org/documentation/wordpress-version/version-6-1/
6.1.1;6.1;1;2022-11-15;https://wordpress.org/documentation/wordpress-version/version-6-1-1/
6.1.2;6.1;2;2023-05-16;https://wordpress.org/support/wordpress-version/version-6-1-2/
6.1.3;6.1;3;2023-05-20;
6.1.4;6.1;4;2023-10-12;
6.1.5;6.1;5;2024-01-30;
6.2;6.2;"0";2023-03-29;https://wordpress.org/documentation/wordpress-version/version-6-2/
6.2.1;6.2;1;2023-05-16;https://wordpress.org/support/wordpress-version/version-6-2-1/
6.2.2;6.2;2;2023-05-20;https://wordpress.org/support/wordpress-version/version-6-2-2/
6.2.3;6.2;3;2023-10-12;
6.2.4;6.2;4;2024-01-30;
6.3;6.3;"0";2023-08-08;https://wordpress.org/documentation/wordpress-version/version-6-3/
6.3.1;6.3;1;2023-08-29;https://wordpress.org/documentation/wordpress-version/version-6-3-1/
6.3.2;6.3;2;2023-10-12;https://wordpress.org/documentation/wordpress-version/version-6-3-2/
6.3.3;6.3;3;2024-01-30;
6.4;6.4;"0";2023-11-07;https://wordpress.org/documentation/wordpress-version/version-6-4/
6.4.1;6.4;1;2023-11-09;https://wordpress.org/documentation/wordpress-version/version-6-4-1/
6.4.2;6.4;2;2023-12-06;https://wordpress.org/documentation/wordpress-version/version-6-4-2/
6.4.3;6.4;3;2024-01-30;https://wordpress.org/documentation/wordpress-version/version-6-4-3/
